{"cameraMode":{"drawMode":0,"name":"Shaded","section":"Shading Mode"},"sceneLighting":false,"audioPlay":false,"sceneViewState":{"showFog":false,"showMaterialUpdate":false,"showSkybox":false,"showFlares":false,"showImageEffects":false,"showParticleSystems":false},"in2DMode":false,"pivot":{"x":-2.209015130996704,"y":11.472126007080079,"z":0.47193145751953127},"rotation":{"x":-0.1355496048927307,"y":0.05643588677048683,"z":0.007742590736597776,"w":0.9891376495361328},"size":15.023309707641602,"orthographic":false}